,,
participant_ID,group,generated_url
P01,g1,https://docs.google.com/forms/d/e/1FAIpQLSeCrfrlq1I3QnM4XSIqxEx292vaBgNOzv7gEHihYd-wtDkSJw/viewform?usp=pp_url&entry.487853435=P01&entry.452918499=g1
P02,g1,https://docs.google.com/forms/d/e/1FAIpQLSeCrfrlq1I3QnM4XSIqxEx292vaBgNOzv7gEHihYd-wtDkSJw/viewform?usp=pp_url&entry.487853435=P02&entry.452918499=g1
P03,g1,https://docs.google.com/forms/d/e/1FAIpQLSeCrfrlq1I3QnM4XSIqxEx292vaBgNOzv7gEHihYd-wtDkSJw/viewform?usp=pp_url&entry.487853435=P03&entry.452918499=g1
P10,g1,https://docs.google.com/forms/d/e/1FAIpQLSeCrfrlq1I3QnM4XSIqxEx292vaBgNOzv7gEHihYd-wtDkSJw/viewform?usp=pp_url&entry.487853435=P10&entry.452918499=g1
P13,g1,https://docs.google.com/forms/d/e/1FAIpQLSeCrfrlq1I3QnM4XSIqxEx292vaBgNOzv7gEHihYd-wtDkSJw/viewform?usp=pp_url&entry.487853435=P13&entry.452918499=g1
P04,g2,https://docs.google.com/forms/d/e/1FAIpQLSeCrfrlq1I3QnM4XSIqxEx292vaBgNOzv7gEHihYd-wtDkSJw/viewform?usp=pp_url&entry.487853435=P04&entry.452918499=g2
P05,g2,https://docs.google.com/forms/d/e/1FAIpQLSeCrfrlq1I3QnM4XSIqxEx292vaBgNOzv7gEHihYd-wtDkSJw/viewform?usp=pp_url&entry.487853435=P05&entry.452918499=g2
P06,g2,https://docs.google.com/forms/d/e/1FAIpQLSeCrfrlq1I3QnM4XSIqxEx292vaBgNOzv7gEHihYd-wtDkSJw/viewform?usp=pp_url&entry.487853435=P06&entry.452918499=g2
P11,g2,https://docs.google.com/forms/d/e/1FAIpQLSeCrfrlq1I3QnM4XSIqxEx292vaBgNOzv7gEHihYd-wtDkSJw/viewform?usp=pp_url&entry.487853435=P11&entry.452918499=g2
P14,g2,https://docs.google.com/forms/d/e/1FAIpQLSeCrfrlq1I3QnM4XSIqxEx292vaBgNOzv7gEHihYd-wtDkSJw/viewform?usp=pp_url&entry.487853435=P14&entry.452918499=g2
P07,g3,https://docs.google.com/forms/d/e/1FAIpQLSeCrfrlq1I3QnM4XSIqxEx292vaBgNOzv7gEHihYd-wtDkSJw/viewform?usp=pp_url&entry.487853435=P07&entry.452918499=g3
P08,g3,https://docs.google.com/forms/d/e/1FAIpQLSeCrfrlq1I3QnM4XSIqxEx292vaBgNOzv7gEHihYd-wtDkSJw/viewform?usp=pp_url&entry.487853435=P08&entry.452918499=g3
P09,g3,https://docs.google.com/forms/d/e/1FAIpQLSeCrfrlq1I3QnM4XSIqxEx292vaBgNOzv7gEHihYd-wtDkSJw/viewform?usp=pp_url&entry.487853435=P09&entry.452918499=g3
P12,g3,https://docs.google.com/forms/d/e/1FAIpQLSeCrfrlq1I3QnM4XSIqxEx292vaBgNOzv7gEHihYd-wtDkSJw/viewform?usp=pp_url&entry.487853435=P12&entry.452918499=g3
P15,g3,https://docs.google.com/forms/d/e/1FAIpQLSeCrfrlq1I3QnM4XSIqxEx292vaBgNOzv7gEHihYd-wtDkSJw/viewform?usp=pp_url&entry.487853435=P15&entry.452918499=g3
T10,g1,https://docs.google.com/forms/d/e/1FAIpQLSeCrfrlq1I3QnM4XSIqxEx292vaBgNOzv7gEHihYd-wtDkSJw/viewform?usp=pp_url&entry.487853435=T10&entry.452918499=g1
T11,g1,https://docs.google.com/forms/d/e/1FAIpQLSeCrfrlq1I3QnM4XSIqxEx292vaBgNOzv7gEHihYd-wtDkSJw/viewform?usp=pp_url&entry.487853435=T11&entry.452918499=g1
T12,g1,https://docs.google.com/forms/d/e/1FAIpQLSeCrfrlq1I3QnM4XSIqxEx292vaBgNOzv7gEHihYd-wtDkSJw/viewform?usp=pp_url&entry.487853435=T12&entry.452918499=g1
T13,g2,https://docs.google.com/forms/d/e/1FAIpQLSeCrfrlq1I3QnM4XSIqxEx292vaBgNOzv7gEHihYd-wtDkSJw/viewform?usp=pp_url&entry.487853435=T13&entry.452918499=g2
T14,g2,https://docs.google.com/forms/d/e/1FAIpQLSeCrfrlq1I3QnM4XSIqxEx292vaBgNOzv7gEHihYd-wtDkSJw/viewform?usp=pp_url&entry.487853435=T14&entry.452918499=g2
T15,g2,https://docs.google.com/forms/d/e/1FAIpQLSeCrfrlq1I3QnM4XSIqxEx292vaBgNOzv7gEHihYd-wtDkSJw/viewform?usp=pp_url&entry.487853435=T15&entry.452918499=g2
T16,g3,https://docs.google.com/forms/d/e/1FAIpQLSeCrfrlq1I3QnM4XSIqxEx292vaBgNOzv7gEHihYd-wtDkSJw/viewform?usp=pp_url&entry.487853435=T16&entry.452918499=g3
T17,g3,https://docs.google.com/forms/d/e/1FAIpQLSeCrfrlq1I3QnM4XSIqxEx292vaBgNOzv7gEHihYd-wtDkSJw/viewform?usp=pp_url&entry.487853435=T17&entry.452918499=g3
T18,g3,https://docs.google.com/forms/d/e/1FAIpQLSeCrfrlq1I3QnM4XSIqxEx292vaBgNOzv7gEHihYd-wtDkSJw/viewform?usp=pp_url&entry.487853435=T18&entry.452918499=g3
T19,g3,https://docs.google.com/forms/d/e/1FAIpQLSeCrfrlq1I3QnM4XSIqxEx292vaBgNOzv7gEHihYd-wtDkSJw/viewform?usp=pp_url&entry.487853435=T19&entry.452918499=g3